<?xml version="1.0" encoding="UTF-8"?>
<project-private xmlns="http://www.netbeans.org/ns/project-private/1">
    <editor-bookmarks xmlns="http://www.netbeans.org/ns/editor-bookmarks/2" lastBookmarkId="0"/>
    <open-files xmlns="http://www.netbeans.org/ns/projectui-open-files/2">
        <group>
            <file>file:/C:/Users/RC_Student_Lab/Desktop/st10487616%20PROG%20POE%20P1/Login%20POE/test/login/poe/ChatAppGUITest.java</file>
            <file>file:/C:/Users/RC_Student_Lab/Desktop/st10487616%20PROG%20POE%20P1/Login%20POE/src/login/poe/ChatAppGUI.java</file>
        </group>
    </open-files>
</project-private>
